model_file,model_name,task,accuracy,cohen_kappa,confusion_matrix,macro_f1,macro_precision,macro_recall,mcc,micro_f1,micro_precision,micro_recall,pr_auc,roc_auc
edgenext_base.usi_in1k_best.pth,edgenext_base.usi_in1k,classification,0.6383125864453665,0.33157858917509053,"[[184  90 127]
 [  2  29 243]
 [ 23  38 710]]",0.5016674481717982,0.5741678527744011,0.49519141845148235,0.36110519839431404,0.6383125864453665,0.6383125864453665,0.6383125864453665,"{0: 0.7626583006001536, 1: 0.2560208640547017, 2: 0.7822643861394474}","{0: 0.8336622558436446, 1: 0.6674908447721781, 2: 0.7915107844550127}"
