model_file,model_name,task,accuracy,cohen_kappa,confusion_matrix,macro_f1,macro_precision,macro_recall,mcc,micro_f1,micro_precision,micro_recall,pr_auc,roc_auc
edgenext_base.usi_in1k_best.tflite,edgenext_base.usi_in1k,classification,0.1975806451612903,0.0,"[[  0   0 114]
 [  0   0  85]
 [  0   0  49]]",0.10998877665544332,0.06586021505376344,0.3333333333333333,0.0,0.1975806451612903,0.1975806451612903,0.1975806451612903,"{0: 0.4859928488032661, 1: 0.2662217849401928, 2: 0.19477007551651007}","{0: 0.5166928515318147, 1: 0.37755322988090934, 2: 0.4348271972105425}"
